1,Follow anshusharma546 ip par kiss to sab karte he Me vaha kiss chahti hoon jaha ki fragrance natural ho
2,Dood pilauge ya niche ka pani Follow anshusharma546
3,Aurat agar dene jaay par aa to Mard ke liye shilajeet bhi kam pad jati he Follow anshusharma546
4,Follow anshusharma546 Pasandida mard ke liye 10 mint jhukne se chhoti thodi ho jaungi
5,Lipstick me ganjha milaker pne bande ko kiss kar li Ab bol rha he bada nasha he tumhare hoton me Follow anshusharma546
6,ka kya karungi pink mard ne kala hi Pasndida to pyaar se le diya de liya Followanshusharma546
7,32 danto ke beech mard apna Aujar de deta he Aur ladkia kehti he ladko bharosa par nahi Follow anshusharma546
8,Samajhdar hoon isiliye hant hoon Werna tumse jayada a hwasi hoon Follow anshusharma546
9,he Jo Asli pyar WO bhi chalti pasine AC me nikal de Follow anshusharma546
10,Sara qissa 2 bund ka he Koi bahar nikalne ko tadap raha he Aur koi ander lene ko taras raha he Follow anshusharma546
11,Aajkal ke ladko ke ander itni takat kaha ki kisi ladki ko god me uthakar bina roke karta rahe Follow anshusharma546
12,ab aurat aurat me ladai hoti nein Tab pata chalta he kisne kaha karwaya hein Follow anshusharma546
13,Pasandida mard ke liye 10 mint jhhukne me kaisi sharm Followanshusharma546
14,Pyaar andha hota he Isiliye andhere me kiya jata hein Follow anshusharma546
15,Pehli baar dalbate samay ladkio ko vaad kyu nahi aata Papa nahi manege Padhai par focus karna he Follow anshusharma546
16,Tum kamre ki light off kar dena Baki me sab bata dungi kaisa karna hein e Follow anshusharma546
17,leta Mard apni aurat ka ddh to pee he Phir uss ddh ka karz use apni jamai hui dahi dekar utarna padta he Follow anshusharma546
18,Auarat agar tumhari lene par aa jay To yakeen mano Shilajeet to kya Neeli goli bhi fail ho jaay Follow anshusharma546
19,Dekhne me chhoti lagti hoon Iska matlab ye nahi ki jhel nahi paungi Follow anshusharma546
20,Oy0 to bacche jate he Yaha to ghar se acha hisab hi nahi Follow anshusharma546
21,1 Kya ye sach he Husband raat ko apni wife ko punishment deta hein Follow anshusharma546
22,Aurat ka badan tabhi nikharta he Jab koi mard use ache se masle aur ragadna shru kare Follow anshusharma546
23,Moti bhabhiyo se ek fayda aur hota he Bharpet dudh peene ko milta hein Follow anshusharma546
24,Lene ka mann to mera bhi karta he Lekin mein kahungi nahi Follow anshusharma546
25,Duniya ka sabse bada Punye ka kaam Kisi kamuk stree ka pyas bujhana he Follow anshusharma546
26,Padhai khatam hote hi Nnu chahiye meko Kuch nhi pata Followanshusharma546
27,Prad ke 4 din baad jaa rhi hoon unke pass Hey bhagwan meri rakhsha karna Follow anshusharma546
28,t ki tarha hoti he Samay ke hri hoti jati he Follow anshusharma546
29,Ghar wale mujhe abhi bhi bacchi samajhte he Aur me kya se kya kar pethi hoon Follow anshusharma546
30,hahat to thi unke dil me basne ki parr ambhakt ne Blauch ke batan hi nahi hole Followanshusharma546
31,Pyar bina chain kaha re Aur chain khole bina pyaar kaha re e Followanshusharma546
32,Kitna bhi anghorSeib khaa loo Mann to kele se hi shant hota he Followanshusharma546
33,Pyar kehta he Mujhe aazma matt Aur bhabiya kehti he pura daal ghabra matt Follow anshusharma546
34,JH Chhoti bacchi matt samajhna Aapke size ka duguna lene ka damm rakhti hoon Follow anshusharma546
35,Garmi ka mausam chal rha he Din me ek baar bhai ki lassi jarur piye Follow anshusharma546
36,Mujhe to ye sochkar hi sharm aati he Ki shadi ke baad ek nngu mard mere pass soyega Follow anshusharma546
37,Pasandida mard ke batwa pent khulne se acha mein uski ki chain khul du Followanshusharma546
38,Mein barish me to bahut nahai hoon Ab bas tumhare sath paseene me nahana hei Follow anshusharma546
39,Ab to icecream khane ka bhi mann ka mann karta hei Followanshusharma546
40,Insan me hws honi chahiye Kiuki pyaar to majnu ne bhi kiya tha Kya mila Ghanta Follow anshusharma546 a
41,ene Dene ka mann ho to ata babu Aise ghuttghutt e matt jio Followanshusharma546
42,Kiuki i budhape me chahiye takat nahi rehti Follow anshusharma546
43,Wo bola tunhari dono tgo ke beech kya hai Me boli ladko ke liye Jannat hei Follow anshusharma546
44,Thodi hws bhi laajmi hai ishq me sahab Werna Shuddh ishq ko wo mardana kamjori samjhegi Followanshusharma546
45,Dekho Aagar aap mujhse abardasti karoge to Me aapke dono ande fod dungi Follow anshusharma546
46,ko hwsi banane me Har mard Uski pasandida auarat ka hath hota hai Follow anshusharma546
47,Ek aurat paiso ki kami bardasht kar sakti hai Lekin sharirik sambandh ki cami bardasht nahi kar sakti 100 Followanshusharma546
48,Itni badi ho gai hoon Ki kisi Tnnu se darr nahi bhi mard ke lagta Follow anshusharma546
49,Mein itni bigad gai hoon Ki nujhe sudharne ke liye 2 nusband lagege Follow anshusharma546
50,Pata hai Aurat ki thakawat per dabane se nahi Per uthane se jaati hai100 Follow anshusharma546
51,Suhagraat itni daravni game hai ki ise room lok karke rajai ke ander ghus kar khela jata hai Follow anshusharma54
52,Mujhe to ye sochkar hi sharm aa rhi hai Shadi me baad khud deni pDegi ya wo mangega Followanshusharma546
53,Suna hai ladke karte time sab rishte bhool jate hai Aur janwaro ki tarha pesh aate hai Follow anshusharma546
54,Log 20 se 25 saal wali ke peeche pade hai Ek baar 30 se 35 wali se pyar karke dekho Bina bole sab mil jayga Follow anshusharma546
55,hen bolker cool ban rha tha ene bhi Stepbrother bana ya Followanshusharma546
56,urat ko thappad maro Lekin uss gha jaha use Rahat mile Follow anshusharma546
57,no Agar mere sath jabardasti oge to tumhare dono ande fod Follow anshusharma546
58,Jis ladke me hsw na ho Yowo ladka kis kaam ka Follow anshusharma546
59,Chhote bhai ko dudh peena tha Aur dudh khatam ho chuka tha Mene kaha ujhe bhokha nahi sone dungi Follow anshusharma546
60,kasmo se nahi Aurat wado 999 Mard se milne wale aramdayak pyar karti hai 100 jhatko se Follow anshusharma546
61,Aadhe sheher ke ladko ka m h me lene ke baad ye ladkiya Mandir Guruduara me aise ghumti hai jaise inse acha duniya me hai hi nahili 100 Follow anshusharma546
62,Prem me e padi ladki ki hair emoval cream jaldi khatam ho ati hai100 Follow anshusharma546
63,Follow anshusharma546 100 muh laga sakti hai ke liye Kisibhi n garmi bujhane Aurat jsm ki g
64,Mera wala itna badmash hai i Hilane ke liye bhi mujhse polta hai Follow anshusharma546
65,o sote samay tng khol oti hoon Kya pata kiska a ho jaay Follow anshusharma546
66,Ladki aur Cricket ke medaan ka kirdaar ek jaise hote hai Dono me pani girte hi khel khataml 100 Followanshusharma546
67,Kharch uthane wale jab istann pakadte hai To sara hisab pura ho jata hai Follow anshusharma546
68,tumhare ander hvs ki kami hai Aujhse udhaar le sakte ho Follow anshusharma546
69,aj meri br me hai Kal aapke MUh ne bhi ho sakte hai Be careful Follow anshusharma546
70,der gh di banne me Ham aurte Bas saman manpasand nahi kart chahiye hona Follow anshusharma546
71,ose pehle mahila ke hoto se pyar ru karePhir chahe hot uper ke ya niche ke Follow anshusharma546
72,Chhote kapde pahenti hoon to iska matlab ye nahi ki Saman bji chhota hoga Follow anshusharma546
73,a to itna harmi hai wala Mera hi faad deta hai Kachchi Follow anshusharma546
74,Jiske liye Sel bacha rkhi thi 5 saal ho gaye abhi tak nahi khool paya Follow anshusharma546
75,Bachpan me log thappad marte the Aur ab aur dono marte hai Follow anshusharma546
76,Suhagraat par agar balo ki safai na mile to samajh jana ki Shadi a marzi ke hui hai bina Follow anshusharma546
77,4 din ki zindagi hai Usme bhi tu keh deta hai Aaj nahi lunga Follow anshusharma546
78,Ladka kitna bhi gora kyu na ho Ld kala hi milega Follow anshusharma546
79,de Pehle mana leta ho phir de degi he Pehle de deti hoon hir maan jayga Follow anshusharma546
80,Pata nai kyu Handsome ladko ko dekhkar mere ander ki miya khalifa jaag jati hai Follow anshusharma546
81,Chandni raat ho Nadi ka kinara ho Ld aapka ho M Uh hanara ho Followanshusharma546
82,Aajkal to koi sapno me bhi pel kar nahi ja rha Follow anshusharma546
83,Dairy milk ki MKC mujhe to bas apne babu ka Banana Shake peena he Follow anshusharma546
84,Lene dene ka mann ho to bata deo babu Aise ghot ghot ke matt jio Follow anshusharma546
85,Pyar to sirf bahana hein Asli maqsad to free me bajana hein Follow anshusharma546 COOD CIRL
86,She Natkhre to utha loge na mere He Mh me le logi na mera Follow anshusharma546
87,Ab ghar walo ko kaise batao jo mujhe garmi lag rhi he wo Ac ya Tarbuj khane se nahi jaygi Follow anshusharma546
88,SMEH 00 Ladkiya bolti nahi hein Par mann ladko se jayada karta hein Follow anshusharma546
89,Aurat ki Garmi shant karna bachcho khel nahi heinHathiyar lohe jaisa a takat ghode jaisi honi chahiye Follow anshusharma546
90,AO Breakup kar lungi Par kabhi piche se nahi dungi Follow anshusharma546
91,Prem me padi ladki ke Bbs bahut jaldi bhari ho jate hein Follow anshusharma546
92,Prem bahut jaruri cheez he Aur x uska to puchiye matt Follow anshusharma546
93,RG HE ki personal Apne pasandida pon star hoti he Follow anshusharma546
94,Pasandida Mard ma protein Shake peene me kaisi sharm Follow anshusharma546
95,yxappie 2IaT ke baad mein apne 32nt par nachaungiAur tum mujhe bed par TA IGanshusharma546 insiegram wvapplee Instagrar xxapplee_kr
96,IGanshusharma546 Aurat Sirf chai hi nahi bhi garam kar sakti hai
97,Jaan lelo meri Aur Jaanlelo meriii Dono me bahut fark hai IGanshusharma546
98,le b43 utaariye f leni Medam ji asITft padegiMood hua to Daalna bhi he pad sakta IGanshusharma546
99,ka bhi Apna alag FT aage wali tight chahiye hota a heUse piche wali Lose Aur IGanshusharma546
100,tionship IGanshusharma546 me 2g ka maza tabhi aata hein jab boyfriend dimag ki jagha kuch or chaate
101,Tci 3iRa wahi he jo apne ξ ki ek bh west nahi karti IGanshusharma546
102,3idl aral Kasmo se nahiqξ se milne wale 3IRTHGUICh jhatko se pyar karti hein IGanshusharma546
103,k aR Niche chaatkar to dekho babu zfAuT ke sare zaT bhol jaoge IGanshusharma546
104,Agar TH Mere 32ir2 par nachoge to me bhi tumhare liye bistar par nachungi IGanshusharma546
105,uarat h me itna Calcium hota hei q ke bina FSt ki wala hissa bhi tight ho jata hein IGanshusharma546
106,IGT AASIGR ho gai ho ki Ladka dekhte hi uska size me calculate kar leti hoon IGanshusharma546
107,30TCh mla Karne wale ladke aajkal kaha milte hein IGanshusharma546
108,cish TopaTopa kehkar pura daal dete hein IGanshusharma546
109,uniya me Sabse aTchdAR hein Galat chal jaay to gf2ur uthh jate hein Sahi chal jagha chal jaay to Tanzt uthh jati hein IGanshusharma546
110,HET kardo Phir bhi ch te Bas aisa banda chahiye IGanshusharma546
111,3q t0 Unke Nnu ke maal se hi a skin care routine karungi IGanshusharma
112,FG ki me utna pani nahi hota jitna auarat ke me hota hein IGanshusharma546
113,leti ho to uske Nnu ke sath khelne ka mann karne lagta hein IGanshusharma546
114,th M Marna kya hota hein kardu Kaho to aapki help IGanshusharma546
115,r aRChT I sahi ho to 4 inch wala ka bhi Zannat dikha deta hein IGanshusharma546
116,7 3izdl ko zige karne ke liye size nahi Timing matter karti hein IGanshusharma546
117,3ixG Paiso ki cu CRGTA kar sakti hein S Lekin 2mRRch ki chu TRGA nahi kar sakti IGanshusharma546
118,Vo YG hi kya jisme rona na aaye Baat dusre yudh ki ho rhi hein IGanshusharma546
119,ia to crul me aati thi Ab to aankh band hote ho Ld ke zru aane lagte hein IGanshusharma546
120,chH ChTHch ki pyas bujhana sabse bad ka kaam hota hein IGanshusharma546
121,3o HITST t ke Dipartment mein zta zTaa uper ke jate hein Wo bhi ek sath IGanshusharma546
122,TG satane hote hi Nnu ki yaad lagti hein IGanshusharma546
123,Zindagi Mein kuch bada karna hein Me BKL Boobs ki taraf matt dekh IGanshusharma546
124,Ladkio FGR piano ki a tarha hota hein log bajate a ekin ki tarh IGanshusharma546 nein
125,Tafa ladkia Apna medan hamesha saaf rakhti hein Unhe pata hota hein match kabhi bhi gho sakta hein IGanshusharma546
126,at bacchi Mat samajhna pura lene ka damm rakhti ho Samjhe IGanshusharma546
127,ki Chai Or raat me biwi garam mile to qfa ka din ho jata hein IGanshusharma546
128,3iRG Pane pasandida HE ka Mh me lene se kabhi SchT nahi karti IGanshusharma546
129,HGA Ye Hq ka to bas za3 hone tak ka hi kaam hein q ke liye to Sab utarna padta IGanshusharma546 hein
130,h ssch karte hein jaise na aise pakadkar rhe ho SHART kar IGanshusharma546
131,adki Voice call par bhi aapka Tonnu khada kar dey Uske pyar par kabhi shaq matt karna IGanshusharma546
132,was Dono me hoti hein sirf ladke hote hein IGanshusharma546
133,IGanshusharma546 hn aaal teenn pead Round
134,Calei Loyal CalvinKlein CalvinKlein nahi hoon but pink hein CHALEGA IGanshusharma546 CalvinKlein
135,Oyyy Agar tu meri baat manega to mein tereko mera dudu pilaogi e IG anshusharma546
136,Kya chat loo mein aapka HAA WO NICHE WALA IGanshusharma546
137,ARG Goliya khane se kuch nahi hogaNatural Stemina banao IGanshusharma546
138,3H e pyar ki 4 aurat ke sharir ko TRAR deti hein
139,Agar shiddat ki jaay to 24 ko 3e se me kiya jaa sakta hein IGanshusharma546
140,IGanshusharma546
141,IGanshusharma546
142,IGanshusharma546
143,IGanshusharma546
144,IGanshusharma546
145,IGanshusharma546
146,IGanshusharma546
147,IGanshusharma546
148,IGanshusharma546
149,IGanshusharma546
150,EPY IGanshusharma5
151,EPY IGanshushar
152,EP IGanshusharm
153,EPY IGanshusharma546
154,EP IGanshusharma54
155,EPY IGanshusharma546
156,EPY IGanshusharma546
157,IGanshusharma546
158,IGonshusharma546
159,IGanshusharma546
160,IGonshushorma546
161,If only there is a page dedicated
162,IGanshusharma546
163,If only there is a page dedicated
164,If only there is a page dedicated
165,EPY IGanshusharma54
166,If only there is a page dedicated
167,EP IGanshusharma54
168,If only there is a page dedicated
169,IG anshusharma546
170,IG anshusharma546
171,IG anshusharma546
172,IGanshusharma546
173,IG anshusharma546
174,IG anshusharma546
175,IG anshusharma546
176,IG anshusharma546
177,IG anshusharma546
178,IG anshusharma546
179,IG anshusharma546
180,If only there is a page dedicated
181,IG anshusharma546
182,IG anshusharma546
183,If only there is a page dedicated
184,Radio ka j2t Or ladk Ki tnge jitni jyada uper hogi Utna acha connection rahega
185,Sukoon or dard dono ek sath chahiye Milega kya
186,8 Mujhe kuch nahi chahiye Bas tumhe nahate hue n y dekhna hein IGanshusharma546
187,ridge ka qritkitna hi pee lo pya o ke pan Se hi bujhti hein IG anshusharma546
188,Zindagi mein itne Id lage hein Ek sharir me bhi lag jata to hila kar stress kam kar leti IG anshusharma546
189,54 Q6tit banaker rakhne wale dawedarqict milte hi ghd bana dete hein IG anshusharma546
190,54217 Shadisuda qcil ki sabse badi preshani ye hoti hein ki unko bina mood ke bhi karna padta hein IGanshusharma546
191,Bahut mana karne ke baad bhi kamine ne Apna Nnu mere hath par rkh diya IG anshusharma546
192,in ghod Jaise kyu na chalo Jab ere bhai ka stemina ghode jaisa hein IG anshusharma546
193,Jayada English bolne wali nahi Oyyes oy yes yes yes yesbolna aana chaiye bass IG anshusharma546
194,Pyar karne ka bhi kya fayda jab aakhir me marbani Gn_ hi he hein IG anshusharma546 LJIVIV
195,ko to koi bhi kar sakta JTRA urat usko ST karna har kisi ke npar baat nahi baski IG1 anshusharma546
196,Thodi life jeena kya start karo BC perid aa jate hein IG anshusharma546
197,q2 tak karne ke baad bhi pata nahi inn qzT o piche ke karne ka kya bhoot zarz ho jata hein 1G anshusharma546
198,rkitna bhi tagdamotajaandar k ho 3c2lkar deta hein JhT me jate hi IG meenu_pokier
199,IGanshusharma546 Larko se jayada larkio ka mann karta hein karbane ka Bas wo cairdi nahi kis se
200,NE urat ciri ke darwaje ke liye preshan hein r q piche ke craryi se ghusne ke liye aarahein IG anshusharma546
201,kyu na l 6 i milegi hi anshusharma546 IG Wo to kali
202,Kya tumhara bhi zrra ko khada ho ja hein IG anshusharma546
203,M200 x Umr ke sath sath Hws bhi badhti jaa rhi hein Pata nai kab mitegi
204,h hone ke bawjod bhi log m pasand karte hein Why alna IGanshusharma546
205,istar par to diya life me matt rulana IG anshusharma546
206,Aurt ek bar grm ho gai to bina karbay chain se nahi beth ti IGanshusharma54621
207,Wo puchna ye tha ki gulabi Nnu wale ladke bhi aate he kya IGanshusharma546
208,Ye mohabbat vagera kuch nahi h me chnne ke bahane hein R IGanshusharma546
209,Duniya ke 3 sabse khubsorat QTaq Acha theek hein baba karlo IG anshusharma546
210,Loyal nahi hoon par roz pompom dikhaogi Chlega IGanshusharma546
211,aby wo sab karne se pyar badhta hein r ka to pata nahi lekin ka size badh jata hein 1G anshusharma546
212,Auarat jab a2u me mard se harne lagti hein tab kehti hein Aana raat ko tab bataogi IGanshusharma546
213,Jab srrst niche wali gali me hota hein zTcit uper wale jate hein wo bhi zii sath IG anshusharma546i
214,Ek round se to Ground ciarhein Dusre round se Sound ciar hein se x1glcl banta hein teesre round IGanshusharma546
215,Auarat ke crigI bahana mardangi nahi Arat ka uriT bahana mardangi hein
216,Lage se chahe 3 rnd lelo lekin jab tak piche se 1 bhi na utne ne mnnTbharta IG anshusharma546
217,deti hein Dr Aurat ho to pani nikal deti hein IGanshusharma546
218,est or Aurat jitni jyada 34z me badhti jati hein zarl me utna qt aata hein IG anshusharma546
219,ARRAW Iss ag ka Itihaas talg he ki Jayada cz ladkio ki thk GrucT hoti hein IG anshusharma546
220,jakhda ho lmba ho To usper a2rtme kaisi sharm IGanshusharma546
221,SOOMXAM Real happiness is Acha theek hein baby karlo IG anshusharma546
222,tTsh Br ki tarha hote he Kuch Possessive protective sen dil ke pass IG anshusharma546
223,Din me agar dql raani ki tarha treat karta hei To raat me uske liye Rond Banne me ka sharam IGanshusharma5469
224,Payar wagera sab dhoka hein asli maza to freind with benefits hein IG anshusharma546
225,Auarat itni najuk he ki zet si soi se darr jati hein Or bahadur itni he ki bade se bada apne ander le sakti hein IGanshusharma5461
226,Ek din ek q mera darbar dekhega IG anshusharma546
227,Ashleel bate karne ke liye bf nahi to kya hua Bestfriend to he mere pass IG anshusharma546 335
228,Duniya ki sabse aurt chuz aurat ki tnge hein Jisko uthane ke liye q puri zindagi mehnat karta hein IG anshusharma546
229,Pichkari me pressure na ho tab bhi chalega chsch or damdar hona jarori hein IG anshusharma546
230,oyar ki 4 bonde 40 ki aurat ko fARaR deti hein IG anshusharma546
231,Pasandida ka dil to bada he hii Uska wo bhi bada nikla IG anshusharma546 e
232,Door reh meri pink hein Tu daal nahi payga IG anshusharma546
233,HAU Ip EA0 4 fkijindagi hein e bhi to ye keh deti he aaj nahi duiff IG anshusharma546
234,Uss ctscit ka dil kabhi mat todna j Room me Tccl na ho to gnzf per der ke liye raazi ho jaay IG anshusharma546 35
235,Mujhe dekhkar agar aapka mood IG anshusharma546 nahi banta to jaiye apna hormones check karaiye
236,IG anshusharma546 kal 3ixai ko zimmedari uthane wale ni balki tanituthane wale Ejayada pasand aate hein
237,eri cit ka bhai kai din se lene ki fsh me he kya kru IGanshusharma5465
238,IG anshusharma546 Chicken ka maza atar ime Or icri ka maza vilatme
239,12se Chttd ke piche pura c samaj iGlanshushaemas4t qteIrTheins
240,IG anshusharma546 Kuch ci5 aier pakadkar aise karte hein Jaise ysucrtkar rhe ho
241,arwate tr4r ladko ki har ag Canshusharma546 leni chahiye maan Verna WO Shh maar dete he
242,Har ladki aisa ladka chahti hein jo usko zindagi me nahi bad par rulay Canshusharma546
243,Wo pyar hi kya jisme Fy dekhne ko na mile anshusharma546
244,dgIniche ke department me hota he Dabay uper ke jaate hein wo bhi don anshusharma546
245,Baby tumhare Nnnl ka size kya hein IG natkhati_bandii222
246,ada hobadahoacr bhi ho to upe bethne me kaisi sharm Canshusharma546 0
247,Ti maza na degi churimaza na dega bas tumhara Nnnu maza dega anshusharma546
248,Jayada pyar karne se pyar nahio or badhte hein Canshusharma546
249,Aurat jitni moti or bhari hui hoti hein Usko sambhalna utna hi mushkil hota hein anshusharma546
250,Puchna ye tha ki kia aapne nnnu ka pani chehre par lagane se pimples khatam hojate hein Canshusharma546
251,PAIROTOIN Pehle lolipop paiso mein milta tha ab free me mil jata hein anshusharma546
252,EkR nd lagane ke bad dusra rond lagane wale ladke aajkal milte kaha hein Canshusharma546
253,Bade ghar ki ladki hoon saheb Q kaise siatho sakti hein C Canshusharma546
254,Jin ladko ko raat me fitzr aati hein unko samajh jana chahiye unke name ki jufiur chal rhi hein Canshusharma546
255,Raat ko 12 baje qrciki zdrcrt ki awaj yscrki nahi hoti Ho sakta he hein kahi ges chal rha he anshusharma546
256,TFl chahe kitna bhi sler kyu na hoo Badi se badi aiet faad deta hein anshusharma546
257,Loyal nahi hoon but Tci tak le leti hoon anshusharma546
258,Samajdar ladki ivahi he jo qf ke cheit par apna zz ki jagha tng bhi rakhe anshusharma546
259,Aage redlight hone par piche ka rasta khol dene wali ladki ke pyar par kabhi shaqq mat karna anshusharma546
260,Mard ho hamesha us waqt ka intezar rehta he jab uski uriAct aurat kehe qruct utar deti ho werna awaj karegi anshusharma546
261,Ok le lungi Mh me par pehle unhe ch tni padegiaicT manjor hee anshusharma546
262,10 se karwane me bad bhi ko private part bolti hoon anshusharma546
263,Fur maa baap beti kiumer ke liye ganrd mang rhe he Udhar beti oYO me chilla rhi he Ohh babykill me
264,Ye 342 tumhari gch Pine ki he Or tum daru pee rhe ho anshusharma546
265,Nind to qqq me aati thi Ab to aankh band hote hi L ke sapne aate he anshusharma546
266,Auarat ko gicch marte waqt sirf dard milta he Lekin wo gussa karne ke bajay get hoti he anshusharma546
267,Narazgi ka aadr unn bhabiyo se puchiye jinka pati 2 mint me nik kar so jata he anshusharma546
268,Auarat ke me lagi aag sirf admi me pump se hi gsidt he Ganshusharmas46
269,commen he Dono ki kholne me gar lagana padta he Canshusharma546
270,Le aao tel arat ke Kar deti ho hisab arit ka Canshusharma546
271,Aurat ko lakho ke itc I nahi mard ka damdar aigT bhi pasand he Canshusharma546
272,hona bhi jarori he anshusharma546
273,Chahe tum mujhe maar lena parr ridi baate jarur karongi anshusharma546
274,P Sans leti ho to uske sath Tdn ka khayal aa jata he anshusharma546
275,Kash tum pucho kya chahiye Or me pakdu tumhara hath or keh doo L_ chahiye anshusharma546
276,Girlfriend nahi bestfriend ba Sel totegi dil nahi anshusharma546
277,Muhabbat me pura andrr tak lena auratkizimmedari he Ab chahe let kar le ya beth kar anshusharma546
278,Sirf ghar ki faiarituthane se kaam nahi chalta ladko Raat m ki Tnge bhi uthani padt Aurat he Canshusharma546
279,Kuch ladke Br ki tarha hote he Possessive Sath chalne wale or hamesha fact ke pas rehte he anshusharma546
280,Eki timing jayada hoti he lekin aurat ki Ahh Uhh jcx jaldi nikal jata he anshusharma546
281,Mard ho hamesha uss waqt ka Intezar SGgirehte he Jab uski pasandida Aurat kehti he Payal utar deti ho werna c7 3nary karegi anshusharma546
282,Mard ki salary nahii Stemina Metter karta he Reh to me uske longi uske sath siust me bhi anshusharma546
283,dz ke niche kajo hissa he usi ka to sara f he anshusharma546
284,3ciful ka Sabab unn ladkio se puchiye jinka boyfriend 2 mint me nikal kar 2rch jata he Anshusharma546
285,She Mere pairo me dard ho rha he He Ghar aaker daba du She Ghar aaker mere donu pair apne kandho par rakh lena anshusharma546 JYO
286,Zindagi bhar rer dunga bas mujhe khona matt Raat bhar nga bas zT matt anshusharma546
287,Kapdo me chahe kitna hi kharch kar lo Asli maza to bina kapdo ke hi aata he Q9 anshusharma546
288,c3a3l bhi ek kalakari he kabhi usk 0 lena nod jata he piche chala jat kabhi he Ganshusharma546
289,och ladke riltii pakadkar aise karte jaise gSHaRt kar rhe ho anshusharma546
290,She Tumne aaj mera nice ka namak chakha he He Ha chakha he bahut testy tha She Ha to Namakharami mat karna anshusharma546
291,Yarr tumhari sR kitni lucky he hamesh tumhare pom pom se chipki rehti he Canshusharma546
292,ufftr ki dukan se gujar rhi thizccl Bad detkha to meri Aankh bhar aayi Canshusharma546
293,Bar or br me kia 3ia he rar khulne par daru milti he Br khulne par dudh GG anshusharma546
294,Bood or Gardan dono bacho ke liye bane he anshusharma546
295,hart ladkia ladko ki c dekhti he Or shadisuda ladko ka CTaTdekhti heoo anshusharma546
296,rat aage ke cxargi ke liye preshan he r mard piche ke darvaje se ghusne ke liye aararhe anshusharma546
297,Mard ki tic ka andaja uske jor se nahi alki aurat ke zifz se pata chalta he Canshusharma546
298,If only there is a page dedicated
299,Sonu baby Aaj chrome par mat jao asli maza b per he anshusharma546
300,tIeulri banane wale cTdr moka milte hi ghdi bana dete he Canshusharma546
301,Mujhe nahi pata muhabbat kya hoti he Bas teriyaad aati he or me g Ho jaati ho anshusharma546
302,Sache mard auarat kitrst gili karte he Unki ara nahi Canshusharma546
303,Aurat ko grm to koi bhi kar sakta h par usko st karna har kisi ki bask baat nahi anshusharma546
304,ardilupahenkar dekh liye aret H7L lene ke bad hi milta n he Al6d anshusharma546
305,Maze to sirf qifcri de sakti be ladkia to sirf qiz machati he Canshusharma546
306,log he janab hamar Ham single yahy aane par hi hilt bed sirf he anshusharma546
307,Nard ki pichkari me utna paani nahi tota jitna aurat ke gy me hota he Canshusharma546
308,HtitG ke cct 70 3rHThe Lekin logo ko sirf eist banaker karne me maza aata he anshusharma546
309,DE3BAIROTOIN Biwi ko dil par nahi raat bhar L6 par bethaiye hamesha khush raheg Sanshusharma546
310,Soch rhi hoon Kal shayad uska mh me bhi lena padega anshusharma546
311,Aurat ko qu4g maro uss jagha Jis jgha uko tl5a mile Canshusharma546
312,ald Auarat ko jhatke marte time sirf z milta he Dr wo gussa hone ke crry khush hoti he 9 anshusharma546
313,Sab cheez nai nai achi lagti he Lekin bhabia purani hi achi hoti he anshusharma546
314,SHIr ke andr hws hona jarori he Pyar to majnu ne bhi kiya thakya mila Lvd anshusharma546
315,ra pyar se dunia nahi chalti arl ko cir karna padta he Canshusharma546
316,Pichkari me dam hona chahiye bas Phir aurat ZnTlagwane ke liye Jutnahidekhti Canshusharma546
317,Tanrit ke bich sahahrchtne wale mard Hamesha aurat ke Sar ke aryr hote he anshusharma546
318,Canshusharma546
319,Jyada cicit bolne wali nahi chahiye 0 yah yes yes yeSo Bolna aana chahiye bas yahi kafi h Sanshusharma54
320,Agar aHcruska HAHC hO anshusharma546
321,Mard ka kala ho ya Gora Ladk Ko sirf jhtko se matlab hota he Canshusharma546
322,DalneHilaneChatne me kabhi sharam nahi karni chahiye Canshusharma546
323,Iarat ko zqet karna bada mushkil heO adko ka kiya Wo to dekhte hi khush ho jate he Canshusharma546
324,Yejo ittu ittu se ladke 20 mint ki timing leker bethe he Beta g3nTho tumhari 1 ghanta to football khelne me hi lag jayga Canshusharma546
325,kale cn43pahenker pucha kaisi lag rhi ho Phir mujhe kapde ciarr pahenne pade Ganshusharma546
326,Furci jab r se behes me harne lagti he Aana tr ko nahi dungiahgcdara detihe Canshusharma546
327,She or ander dlothoda cTS thoda He ooy thuke Karba rhi he ya Tft park Canshusharma546
328,f su ke chore or crdi rase ka ghode Aajkal ki aurato ko jayada pasand hote he anshusharma546
329,Sirf pyaar karna jarori nahi hota Pyaar me karna bhi jarori hota he Canshusharma546
330,SO Aapke sath tpa tp karna he Bolne me sharm aa rhi thi Isi liye reel bhej dee Canshusharma546
331,Jo titapni samay apni awaj ko rok le Usse jayada koi 27zfict koi nahi ho sakta anshusharma546
332,hatho se khush rehna Canshusharma546
333,Aaj ka gyaan Engine jitna bada hota he Utna ael arar Baat engine ki nahi ho rhi
334,Mard ki aurftjeb or Urat ki eat Ki iss dunia me Bahut kadr hoti he Canshusharma546
335,yagar jhagda kare to usper Khush rhegi Canshusharma546
336,Mard ki takat ka uske giz se nahi balki Aurat ke zif se pata chalta he anshusharma546
337,chahe kitna bhi alchgiar ho jaisi ladki uski ek hi sic me nichod degi Canshusharma546
338,Mohabbat me shiddator griime takat ho to Aurat hamesha mard kigulam bankerehtihe Canshusharma546
339,Position to saari best he Par jab tum apne uper bethate ho Uski baat hi alag he cc Canshusharma546
340,Jo bad par na de paay dard To kis kaam ka wo mard Canshusharma546
341,he Jaise 2cit me rasgulla dalkar usko chusna Canshusharma546
342,jaritladkia ladko par paisa dekhti he Shadisuda L ki trrals anshusharma546
343,Sabse khatarnak SaiT tab shro hot he Jab mard thak jaay aurat khud jhatke lagay Canshusharma546
344,ciGr me pathar jaisa creical rakho Ladko Ladki ghd To kia banke bhidegi anshusharma546
345,Sachepyar me to 2 inch me bhi khushi de deta he Jhutepyar me hathi ka bhi pasand nahi aata Canshusharma546
346,anshusharma546 unpar chadna chahte he Shadisuda ko Ghd Banaker eispar nahi balki Aajkalke gait ladke shadi wale
347,Aurat jab mard se ur me haar jati he tab kehti he aana rat ko tab bataogi CAnshusharma546
348,dka marg Seit se nikalta he Bina SeiT du nahi baby anshusharma546
349,Ladki dil todne wale l ko bhul sakti He Par Sl todne wale l ko nai Canshusharma546
350,GOD Auraat jab dene parr aa jaay To mota patla nahi dekhti Canshusharma546
351,tne wale din me peshab ne C efrrdhone ka natak karte he Canshusharma546
352,Jin ladko ko bhabhiyo ki Lene ko mili Sambhjo unkourci par hi zqri mil gya Canshusharma54
353,SCYHA YELUS Kia me ek bar aapke nunnu ko choo sakti hoon anshusharma546
354,Loyal nahi hoon But daily moh me le lungi chalega anshusharma546
355,Pyar me padi auraat apne Pasandida mard ka zfrr sabhi Position me Lene ke liye ready rehti he anshusharma546
356,Auraat ke seene ma lagi sir pasandid Mard ke Gale lagane se higsidit he anshusharma546
357,Mard ka zf2rular damdar hona chahiye Kiokijab bistar par tit hoti he to tia Ya er uske hathiyar par frefzkarta he 100 Canshusharma546
358,z4yi ke tagnahi hote phir bhi dil Par kaat lete he CO ka nasha hi aisa hota he jo Ladke CUt lete he Canshusharma546
359,adi me agar aage piche ke zich ache Hoto driver ko gadi chalane me Maza bahut aata he anshusharma546
360,Ladke bas Jism ke yrd hote He Aisa kehne wali ladkia Hawas ke Waqt yhi bolti he Pura dalo na kia karr rhe anshusharma546 ho
